time,open,close,high,low,volume,Unnamed: 0
1623943020000,0.017261,0.015865,0.017261,0.015865,1621.85042895,
1623943080000,0.01535,0.01529,0.01535,0.01529,3873.17458336,
